,NGenes,Direction,PValue,FDR
Set2_500to599,100,Up,0.24726033845101184,0.9739193644218959
Set6_small10,10,Up,0.5075254551242048,0.9739193644218959
Set8_random150,150,Down,0.6161073192543763,0.9739193644218959
Set1_first100,100,Up,0.6435510290301736,0.9739193644218959
Set5_random500,500,Down,0.8755943021934316,0.9739193644218959
Set4_random50,50,Down,0.9427216180563672,0.9739193644218959
Set7_large2000,2000,Down,0.9678417448159142,0.9739193644218959
Set3_random200,200,Up,0.9739193644218959,0.9739193644218959
