"","NGenes","Direction","PValue","FDR"
"Set2_500to599",100,"Up",0.0566424689376628,0.453139751501302
"Set6_small10",10,"Up",0.175294354834096,0.701177419336385
"Set1_first100",100,"Up",0.282000871705726,0.752002324548603
"Set8_random150",150,"Down",0.57235307826118,0.912628256478581
"Set3_random200",200,"Down",0.747326275807721,0.912628256478581
"Set7_large2000",2000,"Down",0.878229636285062,0.912628256478581
"Set5_random500",500,"Down",0.905902306012935,0.912628256478581
"Set4_random50",50,"Down",0.912628256478581,0.912628256478581
